{
  "N0": [
    0.04100000113248825,
    [
      0.05469999834895134,
      0.26440000534057617,
      -0.2337999939918518,
      -0.22429999709129333,
      -0.49630001187324524,
      -0.21410000324249268,
      0.37229999899864197,
      0.4740999937057495,
      0.25290000438690186,
      -0.4221999943256378,
      -0.26840001344680786,
      -0.1965000033378601,
      -0.2809999883174896,
      -0.3158000111579895,
      -0.47119998931884766,
      -0.4893999993801117
    ],
    [
      0.0022426999639719725,
      0.010840400122106075,
      -0.009585799649357796,
      -0.009196300059556961,
      -0.02034830115735531,
      -0.008778100833296776,
      0.015264300629496574,
      0.01943810097873211,
      0.010368900373578072,
      -0.01731020025908947,
      -0.011004400439560413,
      -0.008056499995291233,
      -0.011520999483764172,
      -0.012947800569236279,
      -0.0193192008882761,
      -0.02006540074944496
    ]
  ],
  "N1": [
    0.46700000762939453,
    [
      0.40400001406669617,
      0.39419999718666077,
      0.42640000581741333,
      -0.23520000278949738,
      0.24459999799728394,
      -0.11949999630451202,
      0.08900000154972076,
      0.1729000061750412,
      -0.06300000101327896,
      0.03500000014901161,
      0.0006000000284984708,
      -0.38989999890327454,
      -0.06069999933242798,
      -0.1451999992132187,
      0.4629000127315521,
      -0.23770000040531158
    ],
    [
      0.18866801261901855,
      0.18409140408039093,
      0.19912880659103394,
      -0.10983840376138687,
      0.11422820389270782,
      -0.05580649897456169,
      0.0415630005300045,
      0.08074430376291275,
      -0.02942100167274475,
      0.01634499989449978,
      0.00028020000900141895,
      -0.18208330869674683,
      -0.028346899896860123,
      -0.06780839711427689,
      0.21617430448532104,
      -0.11100590229034424
    ]
  ],
  "N2": [
    0.33399999141693115,
    [
      -0.09160000085830688,
      0.49540001153945923,
      0.37560001015663147,
      -0.3160000145435333,
      -0.0034000000450760126,
      0.23759999871253967,
      -0.10689999908208847,
      0.13079999387264252,
      0.19439999759197235,
      -0.25609999895095825,
      -0.03739999979734421,
      -0.3677000105381012,
      0.053700000047683716,
      -0.34619998931884766,
      0.11180000007152557,
      -0.29179999232292175
    ],
    [
      -0.030594399198889732,
      0.16546359658241272,
      0.12545040249824524,
      -0.10554400086402893,
      -0.0011356000322848558,
      0.07935839891433716,
      -0.0357045978307724,
      0.04368719831109047,
      0.06492959707975388,
      -0.0855373963713646,
      -0.012491599656641483,
      -0.12281180173158646,
      0.017935799434781075,
      -0.11563079059123993,
      0.037341199815273285,
      -0.09746119379997253
    ]
  ],
  "N3": [
    0.5,
    [
      -0.2071000039577484,
      0.15410000085830688,
      -0.016699999570846558,
      -0.38850000500679016,
      -0.03610000014305115,
      0.4657999873161316,
      -0.2295999974012375,
      0.49300000071525574,
      -0.1023000031709671,
      -0.2694000005722046,
      -0.3327000141143799,
      -0.2614000141620636,
      0.002099999925121665,
      0.37450000643730164,
      0.1923999935388565,
      0.40720000863075256
    ],
    [
      -0.1035500019788742,
      0.07705000042915344,
      -0.008349999785423279,
      -0.19425000250339508,
      -0.018050000071525574,
      0.2328999936580658,
      -0.11479999870061874,
      0.24650000035762787,
      -0.05115000158548355,
      -0.1347000002861023,
      -0.16635000705718994,
      -0.1307000070810318,
      0.0010499999625608325,
      0.18725000321865082,
      0.09619999676942825,
      0.20360000431537628
    ]
  ],
  "N4": [
    0.16899999976158142,
    [
      0.12700000405311584,
      0.08290000259876251,
      0.1776999980211258,
      0.05730000138282776,
      0.009700000286102295,
      0.15119999647140503,
      -0.10140000283718109,
      -0.17100000381469727,
      0.41609999537467957,
      0.3635999858379364,
      -0.2644999921321869,
      -0.02329999953508377,
      -0.13449999690055847,
      0.05739999935030937,
      -0.09690000116825104,
      -0.2948000133037567
    ],
    [
      0.021463001146912575,
      0.01401010062545538,
      0.030031299218535423,
      0.009683700278401375,
      0.001639300025999546,
      0.025552799925208092,
      -0.017136599868535995,
      -0.028899000957608223,
      0.07032089680433273,
      0.06144839897751808,
      -0.0447004996240139,
      -0.00393769983202219,
      -0.022730499505996704,
      0.009700600057840347,
      -0.016376100480556488,
      -0.04982120171189308
    ]
  ],
  "N5": [
    0.7239999771118164,
    [
      0.23499999940395355,
      -0.38499999046325684,
      0.1941000074148178,
      -0.32760000228881836,
      -0.10339999943971634,
      -0.15700000524520874,
      -0.38929998874664307,
      -0.48089998960494995,
      0.30070000886917114,
      -0.36629998683929443,
      0.04569999873638153,
      -0.27129998803138733,
      0.275299996137619,
      -0.4616999924182892,
      -0.005499999970197678,
      0.39089998602867126
    ],
    [
      0.17013999819755554,
      -0.2787399888038635,
      0.14052839577198029,
      -0.2371823936700821,
      -0.07486159354448318,
      -0.11366800218820572,
      -0.28185316920280457,
      -0.348171591758728,
      0.2177067995071411,
      -0.2652011811733246,
      0.03308679908514023,
      -0.19642119109630585,
      0.19931718707084656,
      -0.33427077531814575,
      -0.0039820000529289246,
      0.2830115854740143
    ]
  ],
  "N6": [
    0.4779999852180481,
    [
      -0.2791000008583069,
      0.4758000075817108,
      -0.0778999999165535,
      0.3587999939918518,
      0.14219999313354492,
      -0.005400000140070915,
      0.25060001015663147,
      -0.19699999690055847,
      0.1412999927997589,
      0.41679999232292175,
      -0.4099999964237213,
      -0.24089999496936798,
      0.37619999051094055,
      -0.3345000147819519,
      0.2409999966621399,
      0.13590000569820404
    ],
    [
      -0.1334097981452942,
      0.22743239998817444,
      -0.03723619878292084,
      0.1715063899755478,
      0.0679715946316719,
      -0.00258120009675622,
      0.11978679895401001,
      -0.09416599571704865,
      0.06754139810800552,
      0.1992303878068924,
      -0.1959799975156784,
      -0.11515019088983536,
      0.1798235923051834,
      -0.1598910093307495,
      0.11519799381494522,
      0.06496020406484604
    ]
  ],
  "N7": [
    0.3580000102519989,
    [
      0.2624000012874603,
      -0.4462999999523163,
      -0.34520000219345093,
      0.14830000698566437,
      0.25949999690055847,
      -0.09589999914169312,
      -0.13979999721050262,
      -0.06499999761581421,
      -0.4708999991416931,
      -0.4163999855518341,
      0.4374000132083893,
      -0.39800000190734863,
      -0.04039999842643738,
      -0.09790000319480896,
      0.23479999601840973,
      -0.1800999939441681
    ],
    [
      0.09393920004367828,
      -0.15977540612220764,
      -0.12358160316944122,
      0.05309140309691429,
      0.09290099889039993,
      -0.03433220088481903,
      -0.05004839971661568,
      -0.023269999772310257,
      -0.16858220100402832,
      -0.14907120168209076,
      0.15658921003341675,
      -0.14248400926589966,
      -0.014463200233876705,
      -0.03504820168018341,
      0.08405840396881104,
      -0.06447579711675644
    ]
  ]
}