{
  "N0": [
    0.08365523815155029,
    0.59932541847229,
    0.3190000057220459
  ],
  "N1": [
    0.08365523815155029,
    0.6339859962463379,
    0.4657000005245209
  ],
  "N2": [
    0.08365523815155029,
    0.5937417149543762,
    0.29580000042915344
  ],
  "N3": [
    0.08365523815155029,
    0.55051589012146,
    0.11909999698400497
  ],
  "N4": [
    0.08365523815155029,
    0.6376445293426514,
    0.4814999997615814
  ],
  "N5": [
    0.08365523815155029,
    0.46815696358680725,
    -0.21119999885559082
  ],
  "N6": [
    0.08365523815155029,
    0.6222842931747437,
    0.4156000018119812
  ],
  "N7": [
    0.08365523815155029,
    0.43407487869262695,
    -0.3488999903202057
  ],
  "N8": [
    0.08365523815155029,
    0.5507880449295044,
    0.12020000070333481
  ],
  "N9": [
    0.08365523815155029,
    0.46183818578720093,
    -0.23659999668598175
  ]
}